id,first_name,last_name,email,gender,company,city,title
1,Laura,Richards,lrichards0@reverbnation.com,Female,Meezzy,"Warner, NH",Biostatistician III
2,Margaret,Mendoza,mmendoza1@sina.com.cn,Female,Skipfire,"East Natchitoches, PA",VP Marketing
3,Craig,Mccoy,cmccoy2@bluehost.com,Male,Quatz,"Lyon, WV",Senior Sales Associate
4,James,Moore,jmoore3@apache.org,Male,Bubblemix,"Willow Run, IL",Physical Therapy Assistant
5,Benjamin,Cooper,bcooper4@biglobe.ne.jp,Male,Youtags,"Conyersville, AZ",Account Coordinator
6,Terry,Ruiz,truiz5@unc.edu,Male,Nlounge,"Mount Baker, NY",
7,Julia,Kennedy,jkennedy6@behance.net,Female,Divanoodle,"Farmington Lake, OK",VP Product Management
8,Jesse,Mcdonald,jmcdonald7@etsy.com,Male,Realblab,"Martins Corner, TX",Structural Engineer
9,Harry,Edwards,hedwards8@mapquest.com,Male,Jabberstorm,"Pickerel Narrows, MT",Marketing Manager
10,Peter,Ellis,pellis9@wordpress.com,Male,Photolist,"Willaha, OH",Research Associate

